{"gaussian": [[[5.458580947486709, 150353.17337522344, 0.8829936472312033], [1, 0]], [[6.771321733106841, 156989.83841956142, 0.7340875688843953], [2, 0]], [[7.370709812131925, 158771.2239387226, 0.6359708998931218], [3, 0]], [[7.76151206508267, 159613.74409805692, 0.5735149883708971], [4, 0]], [[8.040792109509136, 160243.9953508399, 0.5327152543297738], [5, 0]], [[8.242350591130432, 160702.56069832863, 0.5049183381882748], [6, 0]], [[8.39538294219727, 161096.03858568342, 0.4851960464783583], [7, 0]], [[8.535814497695744, 161354.69345823195, 0.47087293125751867], [8, 0]], [[8.64467355049929, 161541.08192345375, 0.46005855810601676], [9, 0]]], "tacs": [[[6.75582930368833, 148531.65494937435, 0.6133258918767884], [1, 15, 2]], [[6.407229722370799, 149123.49926487106, 0.6751284665840166], [3, 15, 2]], [[6.492014707845895, 151014.37598785092, 0.6713795958291208], [5, 15, 2]], [[6.723191633407034, 152829.49348538718, 0.6455497697321738], [7, 15, 2]], [[6.957243751522692, 154063.52650773642, 0.616009573408763], [9, 15, 2]], [[7.169248777614018, 154924.234334077, 0.5882347164595702], [11, 15, 2]], [[7.353449431596464, 155359.25478709018, 0.5629871142675124], [13, 15, 2]], [[7.5298971436120885, 155512.54183505586, 0.5416437112510928], [15, 15, 2]], [[7.662748254821963, 155621.79684735683, 0.5255183410965149], [17, 15, 2]], [[7.777168500786435, 155667.90982408673, 0.5116163294791615], [19, 15, 2]], [[7.877690226916661, 155605.67364656084, 0.499248269006763], [21, 15, 2]], [[7.9712732024433315, 155472.80458009368, 0.48887800342550874], [23, 15, 2]], [[8.062175605671756, 155367.0279563846, 0.4798685730123909], [25, 15, 2]], [[8.154933838855763, 155240.48221066565, 0.4712962242506728], [27, 15, 2]], [[8.22998803708169, 155032.02148266014, 0.46383247166618835], [29, 15, 2]], [[8.303265601364268, 154824.71897923795, 0.45705537217846254], [31, 15, 2]], [[8.371594922429887, 154653.1803973006, 0.45138995738443904], [33, 15, 2]], [[8.438000283590418, 154321.79135494767, 0.44630281987589165], [35, 15, 2]], [[8.503663280211827, 154031.54769721688, 0.4416548786985796], [37, 15, 2]], [[8.569660148173185, 153781.428248017, 0.43743442774870894], [39, 15, 2]], [[8.625752358650194, 153479.30675175725, 0.4340215303299184], [41, 15, 2]], [[8.675808962160408, 153133.8292899384, 0.4312155187146301], [43, 15, 2]], [[8.729106053570504, 152811.11580968185, 0.4287024410002858], [45, 15, 2]], [[8.77551838685655, 152452.89599413978, 0.426552197714924], [47, 15, 2]], [[8.811607648994785, 152031.27214162223, 0.42462293273658974], [49, 15, 2]], [[8.856919508430002, 151629.44207178234, 0.42315161649187893], [51, 15, 2]], [[8.892588438642196, 151302.08569943774, 0.4219698905880025], [53, 15, 2]], [[8.927111087134007, 150941.20380134776, 0.42095374032534866], [55, 15, 2]], [[8.951217005076163, 150574.3626352109, 0.42009811840700984], [57, 15, 2]], [[8.984607329993459, 150228.1531770926, 0.4191549862353723], [59, 15, 2]], [[9.016444689257352, 149814.5469872669, 0.41819477387251486], [61, 15, 2]], [[9.042772472841778, 149405.2895683416, 0.41750934555305896], [63, 15, 2]], [[9.069366664755552, 148984.40613366218, 0.416719861981877], [65, 15, 2]], [[9.094013446985409, 148560.06745757756, 0.4157605263440361], [67, 15, 2]], [[9.114289111302922, 148161.0962061229, 0.4150026504747956], [69, 15, 2]], [[9.13659550836326, 147784.7478192523, 0.41428855679604776], [71, 15, 2]], [[9.156530016474846, 147380.36708462902, 0.4135518453498952], [73, 15, 2]], [[7.49543694891683, 150571.0840599881, 0.5579633578789388], [15, 1, 2]], [[7.477353889716133, 154216.3690533531, 0.549753571053437], [15, 6, 2]], [[7.468927613181776, 155456.22492843444, 0.5507975063982321], [15, 11, 2]], [[7.536342338952605, 155047.7655079234, 0.5408120490885601], [15, 16, 2]], [[7.568884690133588, 155524.3800759225, 0.5355798491335468], [15, 21, 2]], [[7.60636003777645, 155114.8364470659, 0.5307179927343858], [15, 26, 2]], [[7.639734271236097, 155590.76767919105, 0.5257646399132533], [15, 31, 2]], [[7.681150202454778, 155213.43936012758, 0.5218007945104413], [15, 36, 2]], [[7.715835040698831, 155705.82555575756, 0.5180900989277726], [15, 41, 2]], [[7.75287250048845, 155392.42960646443, 0.5148337324832499], [15, 46, 2]], [[7.7802473899050035, 155865.58838306807, 0.5119156752611168], [15, 51, 2]], [[7.812356630031062, 155550.57913746254, 0.5090914700415095], [15, 56, 2]], [[7.840671613234313, 155912.7385655194, 0.5061339411239687], [15, 61, 2]], [[7.874173561176003, 155525.4082264374, 0.5038636827029567], [15, 66, 2]], [[7.904862560293521, 155841.10543755777, 0.5015262008643857], [15, 71, 2]], [[7.935740470881848, 155455.286880183, 0.4992862062185334], [15, 76, 2]], [[7.969732823649309, 155770.83998296986, 0.49669291117624786], [15, 81, 2]], [[8.007066691229223, 155374.48939900013, 0.4944546382427535], [15, 86, 2]], [[8.044951661794999, 155633.58694703403, 0.49219917575718486], [15, 91, 2]], [[8.078180009985584, 155232.6213751478, 0.49001421821415564], [15, 96, 2]], [[8.116065677103359, 155497.357935754, 0.4879635638730375], [15, 101, 2]], [[8.148582468579466, 155130.9426677992, 0.48628124197129513], [15, 106, 2]], [[8.178109341784385, 155378.79079848703, 0.4844734840728808], [15, 111, 2]], [[8.212310860462734, 154979.79811898066, 0.483077430725043], [15, 116, 2]], [[8.243271455105717, 155158.91471971566, 0.48147098692905566], [15, 121, 2]], [[8.280994090968658, 154772.76264898808, 0.4799736975779947], [15, 126, 2]], [[8.31337860300549, 154945.4709728555, 0.4785471601433229], [15, 131, 2]], [[8.345981439052895, 154591.7017889382, 0.47684030325972393], [15, 136, 2]], [[8.379422393387214, 154721.7483096672, 0.4753102634528356], [15, 141, 2]], [[8.415724927097196, 154397.94823118602, 0.4736277299322879], [15, 146, 2]], [[8.446156433484774, 154542.3477109106, 0.47169898673749494], [15, 151, 2]], [[8.483018486895253, 154186.2616837181, 0.4702347100701034], [15, 156, 2]], [[8.52447087816947, 154352.22112752378, 0.4683568049115019], [15, 161, 2]], [[8.560122843190262, 154013.74882457734, 0.4663867062412211], [15, 166, 2]], [[8.593018625309893, 154169.88054740135, 0.46434990535261633], [15, 171, 2]], [[8.633428728580496, 153895.8408372364, 0.46229014477574565], [15, 176, 2]], [[8.66975776935258, 154019.82922338278, 0.4601680683004456], [15, 181, 2]], [[8.709455355117303, 153695.08907899432, 0.45813141442252886], [15, 186, 2]], [[8.743744847114128, 153773.04602887985, 0.45576177064288514], [15, 191, 2]], [[8.778992208349457, 153441.04945548307, 0.4535701744858452], [15, 196, 2]], [[8.812056198021327, 153540.8123171165, 0.45090111704255303], [15, 201, 2]], [[8.849661758792429, 153222.5237000096, 0.448312142870144], [15, 206, 2]], [[8.875489664071608, 153267.89783578296, 0.4455914487403589], [15, 211, 2]], [[8.90996044567471, 152997.36276158487, 0.44317026836035806], [15, 216, 2]], [[8.936305455144087, 153054.89180356177, 0.4406462078959991], [15, 221, 2]], [[8.968864157883132, 152732.4994721163, 0.43830240586287134], [15, 226, 2]], [[8.995394517004593, 152754.61923293842, 0.4357002457863714], [15, 231, 2]], [[9.02673934368374, 152398.9853804808, 0.4334604842232008], [15, 236, 2]], [[9.057114152810593, 152435.10605172286, 0.4310560564435737], [15, 241, 2]], [[9.089025719018034, 152164.73206364212, 0.4291386957524425], [15, 246, 2]], [[9.112443582010266, 152194.99561089385, 0.42682692052183163], [15, 251, 2]], [[9.139048440716682, 151875.2105084961, 0.42483650784028476], [15, 256, 2]], [[9.162870114856036, 151869.20796198287, 0.4224794583577276], [15, 261, 2]], [[9.189580612423484, 151572.91336845115, 0.4204529283552391], [15, 266, 2]], [[9.215929258470371, 151565.32917854268, 0.4182821257015163], [15, 271, 2]], [[9.24036709800862, 151299.75602095333, 0.4162819104532513], [15, 276, 2]], [[9.260509869675515, 151294.20094967287, 0.4144487136002471], [15, 281, 2]], [[9.283015359902484, 151036.2520688328, 0.41298588881744647], [15, 286, 2]], [[9.301651447286075, 151059.90566659308, 0.4113991313230256], [15, 291, 2]], [[9.327648911506884, 